,Clus1,Clus2,Clus3,Clus4,Clus5,Clus6
Clus1,0.000000,0.694800,1.389400,0.694800,1.208600,1.389400
Clus2,0.694800,0.000000,0.694800,0.703900,0.703900,1.208600
Clus3,1.389400,0.694800,0.000000,1.208600,0.694800,1.389400
Clus4,0.694800,0.703900,1.208600,0.000000,0.703900,0.694800
Clus5,1.208600,0.703900,0.694800,0.703900,0.000000,0.694800
Clus6,1.389400,1.208600,1.389400,0.694800,0.694800,0.000000
