,Clus1,Clus2,Clus3,Clus4,Clus5,Clus6
Clus1,0.000000,0.517800,1.001300,0.517800,0.949600,1.001300
Clus2,0.517800,0.000000,0.517800,0.632800,0.632800,0.949600
Clus3,1.001300,0.517800,0.000000,0.949600,0.517800,1.001300
Clus4,0.517800,0.632800,0.949600,0.000000,0.632800,0.517800
Clus5,0.949600,0.632800,0.517800,0.632800,0.000000,0.517800
Clus6,1.001300,0.949600,1.001300,0.517800,0.517800,0.000000
