,Clus1,Clus2,Clus3,Clus4,Clus5,Clus6
Clus1,0.000000,0.637500,1.270800,0.637500,1.131100,1.270800
Clus2,0.637500,0.000000,0.637500,0.686900,0.686900,1.131100
Clus3,1.270800,0.637500,0.000000,1.131100,0.637500,1.270800
Clus4,0.637500,0.686900,1.131100,0.000000,0.686900,0.637500
Clus5,1.131100,0.686900,0.637500,0.686900,0.000000,0.637500
Clus6,1.270800,1.131100,1.270800,0.637500,0.637500,0.000000
