BBA,{A},{A ∪ B},{B}
m1_h1,0.850000,0.050000,0.100000
m2_h1,0.933333,0.033333,0.033333
m3_h1,0.070000,0.040000,0.890000
m4_h1,0.060000,0.010000,0.930000
m5_h1,0.906667,0.036667,0.056667
m6_h1,0.960000,0.010000,0.030000
m7_h1,0.416667,0.166667,0.416667
