BBA,{A},{B},{C},{A ∪ B},{A ∪ C},{B ∪ C},{A ∪ B ∪ C}
m1_h1,0.191579,0.091579,0.031579,0.274737,0.094737,0.094737,0.221053
