BBA,{A},{B},{A ∪ B}
m1_h1,0.444433,0.444433,0.111133
m2_h1,0.266667,0.666667,0.066667
m3_h1,0.400000,0.400000,0.200000
