delta,epsilon,score,end_dev,smooth
1e-05,1e-06,0.519194,1.06031e-09,0.519194
1e-05,1e-05,0.612554,0.0252106,0.360448
1e-05,0.0001,0.893333,0.0623883,0.26945
3.16228e-05,1e-06,0.519227,1.91517e-13,0.519227
3.16228e-05,1e-05,0.499124,0.000776713,0.491357
3.16228e-05,0.0001,0.811414,0.0520285,0.291129
0.0001,1e-06,0.519227,1.91517e-13,0.519227
0.0001,1e-05,0.519194,1.06031e-09,0.519194
0.0001,0.0001,0.612554,0.0252106,0.360448
