delta,epsilon,score,end_dev,smooth
1e-05,1e-06,0.519172,4.1683e-09,0.519172
1e-05,1e-05,1.04991,0.0749793,0.300117
1e-05,0.0001,1.8201,0.16119,0.208199
3.16228e-05,1e-06,0.519227,1.91517e-13,0.519227
3.16228e-05,1e-05,0.503349,0.00293272,0.474022
3.16228e-05,0.0001,1.61621,0.138789,0.228312
0.0001,1e-06,0.519227,1.91517e-13,0.519227
0.0001,1e-05,0.519172,4.1683e-09,0.519172
0.0001,0.0001,1.04991,0.0749793,0.300117
