BBA,A1,A2,A3
m1,0.3333333333333333,0.3333333333333333,0.3333333333333333
m2,0.3333333333333333,0.3333333333333333,0.3333333333333333
